MARCA,REFERENCIA,MODELO
CHEVROLET,CHR580,1988
CHEVROLET,NPR,2009
CHEVROLET,NPR,2009
CHEVROLET,NPR,2009
CHEVROLET,NPR,2009
CHEVROLET,CHR580,1991
AGRALE,"MA8,5TCA",2002
MERCEDES BENZ,OH1636,2002
HINO,FB4JJ,2004
HINO,FB4JJ,2005
VOLKSWAGEN,8140,2005
AGRALE,"MA8,5TCA",2005
AGRALE,"MA8,5TCA",2005
AGRALE,"MA8,5TCA",2005
AGRALE,"MA8,5TCA",2006
AGRALE,"MA8,5TCA",2005
AGRALE,"MA8,5TCA",2005
AGRALE,"MA8,5TCA",2005
AGRALE,"MA8,5TCA",2006
AGRALE,"MA8,5TCA",2006
AGRALE,"MA8,5TCA",2006
AGRALE,"MA8,5TCA",2006
AGRALE,"MA8,5TCA",2006
AGRALE,"MA8,5TCA",2006
AGRALE,"MA8,5TCA",2006
AGRALE,"MA8,5TCA",2006
HINO,FB4JJ,2006
AGRALE,"MA8,5TCA",2006
AGRALE,"MA8,5TCA",2007
AGRALE,"MA8,5TCA",2007
AGRALE,"MA8,5TCA",2007
HINO,FB4JJ,2007
HINO,FB4JJ,2007
AGRALE,"MA8,5TCA",2007
AGRALE,"MA8,5TCA",2007
AGRALE,"MA8,5TCA",2008
AGRALE,"MA8,5TCA",2008
MERCEDES BENZ,313CDI,2007
MERCEDES BENZ,313CDI,2003
VOLKSWAGEN,LT46,2005
MERCEDES BENZ,313CDI,2006
MERCEDES BENZ,313CDI,2003
MERCEDES BENZ,313CDI,2004
MERCEDES BENZ,313CDI,2002
MERCEDES BENZ,313CDI,2003
MERCEDES BENZ,313CDI,2004
MERCEDES BENZ,313CDI,2007
MERCEDES BENZ,313CDI,2007
NISSAN,CABSTAR,2006
MERCEDES BENZ,313CDI,2004
MERCEDES BENZ,313CDI,2003
MERCEDES BENZ,313CDI,2003
MERCEDES BENZ,313CDI,2004
NISSAN,CABSTAR,2005
MERCEDES BENZ,313CDI,2003
MERCEDES BENZ,313CDI,2002
MERCEDES BENZ,313CDI,2005
MERCEDES BENZ,313CDI,2003
MERCEDES BENZ,313CDI,2003
MERCEDES BENZ,313CDI,2002
MERCEDES BENZ,313CDI,2004
MERCEDES BENZ,313CDI,2005
MERCEDES BENZ,313CDI,2004
MERCEDES BENZ,313CDI,2004
MERCEDES BENZ,313CDI,2003
MERCEDES BENZ,313CDI,2003
MERCEDES BENZ,313CDI,2004
MERCEDES BENZ,313CDI,2008
MERCEDES BENZ,313CDI,2008
MERCEDES BENZ,313CDI,2004
MERCEDES BENZ,313CDI,2003
MERCEDES BENZ,313CDI,2003
MERCEDES BENZ,313CDI,2007
MERCEDES BENZ,313CDI,2003
MERCEDES BENZ,313CDI,2005
MERCEDES BENZ,313CDI,2007
MERCEDES BENZ,313CDI,2004
MERCEDES BENZ,313CDI,2003
MERCEDES BENZ,313CDI,2003
MERCEDES BENZ,313CDI,2008
MERCEDES BENZ,313CDI,2009
MERCEDES BENZ,313CDI,2006
MERCEDES BENZ,313CDI,2009
MERCEDES BENZ,313CDI,2009
MERCEDES BENZ,313CDI,2009
MERCEDES BENZ,313CDI,2009
MERCEDES BENZ,313CDI,2005
MERCEDES BENZ,313CDI,2004
MERCEDES BENZ,313CDI,2008
MERCEDES BENZ,313CDI,2009
IVECO,"59,12 TURBO DAILY",2007
MERCEDES BENZ,313CDI,2004
IVECO,"59,12 TURBO DAILY",2007
MERCEDES BENZ,313CDI,2009
MERCEDES BENZ,313CDI,2009
MERCEDES BENZ,313CDI,2009
MERCEDES BENZ,313CDI,2008
NISSAN,CABSTAR,2005
MERCEDES BENZ,313CDI,2004
MERCEDES BENZ,313CDI,2004
MERCEDES BENZ,313CDI,2004
MERCEDES BENZ,313CDI,2004
MERCEDES BENZ,313CDI,2009
MERCEDES BENZ,313CDI,2009
MERCEDES BENZ,313CDI,2009
MERCEDES BENZ,313CDI,2007
MERCEDES BENZ,313CDI,2009
MERCEDES BENZ,413CDI,2009
MERCEDES BENZ,313CDI,2009
MERCEDES BENZ,313CDI,2009
MERCEDES BENZ,313CDI,2009
MERCEDES BENZ,313CDI,2009
MERCEDES BENZ,313CDI,2009
MERCEDES BENZ,313CDI,2009
MERCEDES BENZ,313CDI,2009
MERCEDES BENZ,313CDI,2009
MERCEDES BENZ,313CDI,2006
MERCEDES BENZ,313CDI,2010
MERCEDES BENZ,313CDI,2010
MERCEDES BENZ,313CDI,2010
MERCEDES BENZ,313CDI,2010
MERCEDES BENZ,313CDI,2010
MERCEDES BENZ,313CDI,2010
MERCEDES BENZ,313CDI,2010
MERCEDES BENZ,313CDI,2010
MERCEDES BENZ,313CDI,2010
MERCEDES BENZ,313CDI,2010
MERCEDES BENZ,313CDI,2010
MERCEDES BENZ,313CDI,2010
MERCEDES BENZ,313CDI,2010
MERCEDES BENZ,313CDI,2010
MERCEDES BENZ,313CDI,2010
MERCEDES BENZ,313CDI,2010
MERCEDES BENZ,313CDI,2010
MERCEDES BENZ,313CDI,2010
MERCEDES BENZ,313CDI,2010
MERCEDES BENZ,313CDI,2010
MERCEDES BENZ,313CDI,2010
MERCEDES BENZ,313CDI,2010
MERCEDES BENZ,313CDI,2010
NISSAN,NPU MT-3500TI,2001
IVECO,"59,12 TURBO DAILY",2004
MERCEDES BENZ,413CDI,2003
MERCEDES BENZ,413CDI,2004
MERCEDES BENZ,413CDI,2004
MERCEDES BENZ,413CDI,2004
MERCEDES BENZ,413CDI,2004
MERCEDES BENZ,413CDI,2004
MERCEDES BENZ,413CDI,2003
MERCEDES BENZ,413CDI,2003
MERCEDES BENZ,413CDI,2005
MERCEDES BENZ,413CDI,2005
MERCEDES BENZ,413CDI,2004
MERCEDES BENZ,413CDI,2003
MERCEDES BENZ,413CDI,2003
MERCEDES BENZ,413CDI,2004
MERCEDES BENZ,313CDI,2004
MERCEDES BENZ,413CDI,2003
MERCEDES BENZ,413CDI,2005
MERCEDES BENZ,413CDI,2006
MERCEDES BENZ,413CDI,2006
MERCEDES BENZ,413CDI,2006
MERCEDES BENZ,413CDI,2006
MERCEDES BENZ,413CDI,2006
MERCEDES BENZ,413CDI,2007
MERCEDES BENZ,412/AR,2007
MERCEDES BENZ,413CDI,2007
MERCEDES BENZ,413CDI,2007
MERCEDES BENZ,413CDI,2007
MERCEDES BENZ,413CDI,2007
NISSAN,CABSTAR,2007
MERCEDES BENZ,413CDI,2007
MERCEDES BENZ,413CDI,2007
MERCEDES BENZ,413CDI,2007
NISSAN,T5U41,2007
MERCEDES BENZ,413CDI,2007
MERCEDES BENZ,413CDI,2008
MERCEDES BENZ,413CDI,2008
MERCEDES BENZ,413CDI,2008
MERCEDES BENZ,413CDI,2008
MERCEDES BENZ,413CDI,2008
MERCEDES BENZ,413CDI,2009
MERCEDES BENZ,413CDI,2009
MERCEDES BENZ,413CDI,2010
MERCEDES BENZ,413CDI,2010
MERCEDES BENZ,413CDI,2009
MERCEDES BENZ,413CDI,2009
MERCEDES BENZ,413CDI,2009
MERCEDES BENZ,413CDI,2009
MERCEDES BENZ,413CDI,2009
MERCEDES BENZ,413CDI,2009
MERCEDES BENZ,413CDI,2009
MERCEDES BENZ,413CDI,2009
MERCEDES BENZ,413CDI,2009
MERCEDES BENZ,413CDI,2009
MERCEDES BENZ,413CDI,2010
MERCEDES BENZ,413CDI,2010
MERCEDES BENZ,413CDI,2010
MERCEDES BENZ,413CDI,2010
MERCEDES BENZ,413CDI,2010
MERCEDES BENZ,413CDI,2010
MERCEDES BENZ,413CDI,2010
MERCEDES BENZ,413CDI,2010
MERCEDES BENZ,413CDI,2010
MERCEDES BENZ,413CDI,2010
MERCEDES BENZ,413CDI,2010
HINO,FB4JJ,2010
HINO,FB4JJ,2010
MITSUBISHI,RP1118,2004
MERCEDES BENZ,LO915,2004
MERCEDES BENZ,LO915,2004
HINO,FB4JJ,2005
HINO,FB4JJ,2005
MERCEDES BENZ,OH1636,2005
MERCEDES BENZ,LO915,2005
HINO,FB4JJ,2005
HINO,FB4JJ,2005
AGRALE,"MA8,5TCA",2006
AGRALE,"MA8,5TCA",2006
AGRALE,"MA8,5TCA",2006
MERCEDES BENZ,LO915,2006
AGRALE,"MA8,5TCA",2006
AGRALE,"MA8,5TCA",2006
HINO,FB4JJ,2006
HINO,FB4JJ,2006
AGRALE,"MA8,5TCA",2006
AGRALE,"MA8,5TCA",2006
HINO,FB4JJ,2006
AGRALE,"MA8,5TCA",2006
HINO,FB4JJ,2006
AGRALE,"MA8,5TCA",2006
HINO,FB4JJ,2006
HINO,FB4JJ,2007
AGRALE,"MA8,5TCA",2007
AGRALE,"MA8,5TCA",2007
HINO,FB4JJ,2007
HINO,FB4JJ,2007
HINO,FB4JJ,2008
AGRALE,"MA8,5TCA",2007
AGRALE,"MA8,5TCA",2007
AGRALE,"MA8,5TCA",2007
HINO,FB4JJ,2007
HINO,FB4JJ,2007
HINO,FB4JJ,2007
HINO,FB4JJ,2007
AGRALE,"MA8,5TCA",2007
AGRALE,"MA8,5TCA",2007
HINO,FB4JJ,2008
HINO,FB4JJ,2008
HINO,FB4JJ,2008
HINO,FB4JJ,2008
HINO,FB4JJ,2008
HINO,FB4JJ,2008
HINO,FB4JJ,2008
HINO,FB4JJ,2008
AGRALE,"MA8,5TCA",2008
AGRALE,"MA8,5TCA",2008
HINO,FB4JJ,2009
SCANIA,K124TL,2006
MERCEDES BENZ,OH1636,2005
CHEVROLET,LV150,2005
CHEVROLET,LV150,2005
MERCEDES BENZ,OH1636,2006
MERCEDES BENZ,OH1636,2006
MERCEDES BENZ,OH1636,2006
CHEVROLET,LV150,2005
SCANIA,K124LL,2004
MERCEDES BENZ,OH1636,2005
MERCEDES BENZ,OH1636,2005
MERCEDES BENZ,OH1636,2006
MERCEDES BENZ,OH1636,2005
SCANIA,K360,2004
MERCEDES BENZ,OH1636,2005
CHEVROLET,LV150,2005
MERCEDES BENZ,OH1636,2005
SCANIA,K360,2005
MERCEDES BENZ,OH1636,2006
MERCEDES BENZ,OH1636,2008
SCANIA,K124LL,2007
CHEVROLET,LV150,2008
MERCEDES BENZ,O500RS,2006
VOLVO,B12R,2006
VOLVO,B12R,2006
CHEVROLET,LV150,2008
MERCEDES BENZ,OH1636,2008
MERCEDES BENZ,OH1636,2008
MERCEDES BENZ,OH1636,2008
CHEVROLET,LV150,2010
CHEVROLET,LV150,2010
CHEVROLET,LV150,2010
MERCEDES BENZ,O500RS,2010
CHEVROLET,LV150,2010
CHEVROLET,LV150,2010
CHEVROLET,LV150,2011
MERCEDES BENZ,OH1636,2002
MERCEDES BENZ,OH1636,2002
SCANIA,K124TL,2002
MERCEDES BENZ,OH1636,2002
MERCEDES BENZ,OH1636,2002
MERCEDES BENZ,OH1636,2003
MERCEDES BENZ,OH1636,2003
CHEVROLET,LV150,2003
MERCEDES BENZ,OH1636,2003
MERCEDES BENZ,OH1636,2003
MERCEDES BENZ,OH1636,2003
CHEVROLET,LV150,2003
CHEVROLET,LV150,2003
MERCEDES BENZ,OH1636,2004
VOLVO,B12R,2004
MERCEDES BENZ,OH1636,2004
MERCEDES BENZ,OH1636,2004
SCANIA,K360,2004
MERCEDES BENZ,OH1636,2004
CHEVROLET,LV150,2004
CHEVROLET,LV150,2004
SCANIA,K124LL,2004
CHEVROLET,LV150,2004
CHEVROLET,LV150,2004
CHEVROLET,LV150,2004
MERCEDES BENZ,OH1636,2004
MERCEDES BENZ,OH1636,2004
MERCEDES BENZ,OH1636,2004
SCANIA,K124LL,2004
CHEVROLET,LV150,2004
SCANIA,K124LL,2004
MERCEDES BENZ,OH1636,2005
CHEVROLET,LV150,2004
CHEVROLET,LV150,2004
CHEVROLET,LV150,2005
CHEVROLET,LV150,2005
MERCEDES BENZ,OH1636,2005
MERCEDES BENZ,OH1636,2005
MERCEDES BENZ,OH1636,2005
CHEVROLET,LV150,2005
SCANIA,K360,2005
CHEVROLET,LV150,2005
MERCEDES BENZ,OH1636,2005
CHEVROLET,LV150,2005
MERCEDES BENZ,OH1636,2005
CHEVROLET,LV150,2005
MERCEDES BENZ,OH1636,2005
CHEVROLET,LV150,2005
CHEVROLET,LV150,2005
SCANIA,K124LL,2005
MERCEDES BENZ,OH1636,2005
MERCEDES BENZ,OH1636,2005
CHEVROLET,LV150,2005
CHEVROLET,LV150,2005
CHEVROLET,LV150,2005
CHEVROLET,LV150,2005
MERCEDES BENZ,OH1636,2005
MERCEDES BENZ,OH1636,2005
CHEVROLET,LV150,2005
MERCEDES BENZ,OH1636,2005
MERCEDES BENZ,OH1636,2005
MERCEDES BENZ,OH1636,2005
CHEVROLET,LV150,2005
CHEVROLET,LV150,2005
CHEVROLET,LV150,2005
CHEVROLET,LV150,2005
CHEVROLET,LV150,2005
MERCEDES BENZ,OH1636,2005
CHEVROLET,LV150,2005
CHEVROLET,LV150,2005
MERCEDES BENZ,OH1636,2005
MERCEDES BENZ,OH1636,2005
MERCEDES BENZ,OH1636,2005
SCANIA,K124LL,2005
CHEVROLET,LV150,2005
CHEVROLET,LV150,2005
MERCEDES BENZ,OH1636,2005
MERCEDES BENZ,OH1636,2006
MERCEDES BENZ,OH1636,2006
MERCEDES BENZ,OH1636,2006
MERCEDES BENZ,OH1636,2006
CHEVROLET,LV150,2006
CHEVROLET,LV150,2006
CHEVROLET,LV150,2006
MERCEDES BENZ,OH1636,2006
CHEVROLET,LV150,2006
MERCEDES BENZ,OH1636,2006
CHEVROLET,LV150,2006
MERCEDES BENZ,OH1636,2006
MERCEDES BENZ,OH1636,2006
MERCEDES BENZ,OH1636,2006
MERCEDES BENZ,OH1636,2006
MERCEDES BENZ,OH1636,2006
MERCEDES BENZ,OH1636,2006
MERCEDES BENZ,O500RS,2006
CHEVROLET,LV150,2006
VOLVO,B12R,2006
MERCEDES BENZ,OH1636,2006
MERCEDES BENZ,OH1636,2006
MERCEDES BENZ,OH1636,2006
MERCEDES BENZ,OH1636,2006
MERCEDES BENZ,OH1636,2007
MERCEDES BENZ,OH1636,2007
MERCEDES BENZ,OH1636,2007
CHEVROLET,LV150,2007
CHEVROLET,LV150,2007
MERCEDES BENZ,OH1636,2007
MERCEDES BENZ,OH1636,2007
CHEVROLET,LV150,2007
CHEVROLET,LV150,2007
CHEVROLET,LV150,2007
MERCEDES BENZ,OH1636,2007
CHEVROLET,LV150,2007
CHEVROLET,LV150,2007
CHEVROLET,LV150,2007
MERCEDES BENZ,O500RS,2007
MERCEDES BENZ,O500RS,2007
MERCEDES BENZ,OH1636,2007
MERCEDES BENZ,OH1636,2008
MERCEDES BENZ,OH1636,2008
MERCEDES BENZ,OH1636,2008
CHEVROLET,LV150,2008
CHEVROLET,LV150,2008
CHEVROLET,LV150,2008
MERCEDES BENZ,OH1636,2008
CHEVROLET,LV150,2008
MERCEDES BENZ,OH1636,2008
CHEVROLET,LV150,2008
CHEVROLET,LV150,2008
CHEVROLET,LV150,2008
CHEVROLET,LV150,2008
MERCEDES BENZ,OH1636,2008
MERCEDES BENZ,OH1636,2008
CHEVROLET,LV150,2008
CHEVROLET,LV150,2008
CHEVROLET,LV150,2008
MERCEDES BENZ,OH1636,2008
CHEVROLET,LV150,2008
CHEVROLET,LV150,2008
MERCEDES BENZ,O500RS,2008
MERCEDES BENZ,O500RS,2008
CHEVROLET,LV150,2008
CHEVROLET,LV150,2008
CHEVROLET,LV150,2003
MERCEDES BENZ,OH1636,2008
MERCEDES BENZ,OH1636,2008
CHEVROLET,LV150,2008
MERCEDES BENZ,OH1636,2008
MERCEDES BENZ,OH1636,2008
CHEVROLET,LV150,2008
CHEVROLET,LV150,2008
CHEVROLET,LV150,2008
CHEVROLET,LV150,2008
CHEVROLET,LV150,2008
MERCEDES BENZ,O500RS,2008
CHEVROLET,LV150,2008
CHEVROLET,LV150,2009
CHEVROLET,LV150,2009
